[{"fields": {"model": "logentry", "app_label": "admin"}, "model": "contenttypes.contenttype", "pk": 1}, {"fields": {"model": "permission", "app_label": "auth"}, "model": "contenttypes.contenttype", "pk": 2}, {"fields": {"model": "group", "app_label": "auth"}, "model": "contenttypes.contenttype", "pk": 3}, {"fields": {"model": "user", "app_label": "auth"}, "model": "contenttypes.contenttype", "pk": 4}, {"fields": {"model": "contenttype", "app_label": "contenttypes"}, "model": "contenttypes.contenttype", "pk": 5}, {"fields": {"model": "session", "app_label": "sessions"}, "model": "contenttypes.contenttype", "pk": 6}, {"fields": {"model": "dancer", "app_label": "dancematch_app"}, "model": "contenttypes.contenttype", "pk": 7}, {"fields": {"model": "dance", "app_label": "dancematch_app"}, "model": "contenttypes.contenttype", "pk": 8}, {"fields": {"model": "dancerole", "app_label": "dancematch_app"}, "model": "contenttypes.contenttype", "pk": 9}, {"fields": {"model": "skilllevel", "app_label": "dancematch_app"}, "model": "contenttypes.contenttype", "pk": 10}, {"fields": {"model": "activity", "app_label": "dancematch_app"}, "model": "contenttypes.contenttype", "pk": 11}, {"fields": {"model": "goals", "app_label": "dancematch_app"}, "model": "contenttypes.contenttype", "pk": 12}, {"fields": {"model": "day", "app_label": "dancematch_app"}, "model": "contenttypes.contenttype", "pk": 13}, {"fields": {"model": "time", "app_label": "dancematch_app"}, "model": "contenttypes.contenttype", "pk": 14}, {"fields": {"model": "location", "app_label": "dancematch_app"}, "model": "contenttypes.contenttype", "pk": 15}, {"fields": {"model": "danceprefs", "app_label": "dancematch_app"}, "model": "contenttypes.contenttype", "pk": 16}, {"fields": {"expire_date": "2015-08-17T22:57:38.750Z", "session_data": "OGYwYzRlOGUwYjc1OWM5MWM2MThjNzg1YzU2YmI4YjVkZjM4NzdjNDp7Il9hdXRoX3VzZXJfaGFzaCI6ImJhNjUyNTJkYTliNzg4ODI4ZjQ1YzFhOTNhYWU5NDEyZmMyZDE3N2EiLCJfYXV0aF91c2VyX2JhY2tlbmQiOiJkamFuZ28uY29udHJpYi5hdXRoLmJhY2tlbmRzLk1vZGVsQmFja2VuZCIsIl9hdXRoX3VzZXJfaWQiOiI1In0="}, "model": "sessions.session", "pk": "gj8nou2dcp3khg66fc6zcaimhu44dvy3"}, {"fields": {"name": "Waltz", "description": ""}, "model": "dancematch_app.dance", "pk": 1}, {"fields": {"name": "West Coast Swing", "description": ""}, "model": "dancematch_app.dance", "pk": 2}, {"fields": {"name": "Foxtrot", "description": ""}, "model": "dancematch_app.dance", "pk": 3}, {"fields": {"name": "Country Two-Step", "description": ""}, "model": "dancematch_app.dance", "pk": 4}, {"fields": {"name": "Chacha", "description": ""}, "model": "dancematch_app.dance", "pk": 5}, {"fields": {"name": "Salsa", "description": ""}, "model": "dancematch_app.dance", "pk": 6}, {"fields": {"name": "Nightclub Two-Step", "description": ""}, "model": "dancematch_app.dance", "pk": 7}, {"fields": {"name": "Rumba", "description": ""}, "model": "dancematch_app.dance", "pk": 8}, {"fields": {"name": "Hustle", "description": ""}, "model": "dancematch_app.dance", "pk": 9}, {"fields": {"name": "Bachata", "description": ""}, "model": "dancematch_app.dance", "pk": 10}, {"fields": {"name": "Tango", "description": ""}, "model": "dancematch_app.dance", "pk": 11}, {"fields": {"name": "Quickstep", "description": ""}, "model": "dancematch_app.dance", "pk": 12}, {"fields": {"name": "Polka", "description": ""}, "model": "dancematch_app.dance", "pk": 13}, {"fields": {"name": "Lead"}, "model": "dancematch_app.dancerole", "pk": 1}, {"fields": {"name": "Follow"}, "model": "dancematch_app.dancerole", "pk": 2}, {"fields": {"name": "--------"}, "model": "dancematch_app.skilllevel", "pk": 1}, {"fields": {"name": "Brand New"}, "model": "dancematch_app.skilllevel", "pk": 2}, {"fields": {"name": "Beginner"}, "model": "dancematch_app.skilllevel", "pk": 3}, {"fields": {"name": "Beyond Beginning"}, "model": "dancematch_app.skilllevel", "pk": 4}, {"fields": {"name": "Intermediate"}, "model": "dancematch_app.skilllevel", "pk": 5}, {"fields": {"name": "Advanced"}, "model": "dancematch_app.skilllevel", "pk": 6}, {"fields": {"name": "Expert"}, "model": "dancematch_app.skilllevel", "pk": 7}, {"fields": {"name": "--------"}, "model": "dancematch_app.activity", "pk": 1}, {"fields": {"name": "Active"}, "model": "dancematch_app.activity", "pk": 2}, {"fields": {"name": "Casual"}, "model": "dancematch_app.activity", "pk": 3}, {"fields": {"name": "Inactive"}, "model": "dancematch_app.activity", "pk": 4}, {"fields": {"name": "--------"}, "model": "dancematch_app.goals", "pk": 1}, {"fields": {"name": "Social Dancing"}, "model": "dancematch_app.goals", "pk": 2}, {"fields": {"name": "Competition: Routine"}, "model": "dancematch_app.goals", "pk": 3}, {"fields": {"name": "Competition: Strictly"}, "model": "dancematch_app.goals", "pk": 4}, {"fields": {"name": "Competition: Other"}, "model": "dancematch_app.goals", "pk": 5}, {"fields": {"goal": null, "dance": 5, "notes": "Yo\r\n", "skill_level": 5, "dancer": 2, "role": 2, "activity": null}, "model": "dancematch_app.danceprefs", "pk": 8}, {"fields": {"goal": 2, "dance": 10, "notes": "", "skill_level": 3, "dancer": 2, "role": 2, "activity": null}, "model": "dancematch_app.danceprefs", "pk": 9}, {"fields": {"goal": 5, "dance": 4, "notes": "I want to practice for novice J&J at Bridgetown this year", "skill_level": 4, "dancer": 3, "role": 1, "activity": 2}, "model": "dancematch_app.danceprefs", "pk": 10}, {"fields": {"goal": 2, "dance": 9, "notes": "do the hustle!", "skill_level": 6, "dancer": 3, "role": 2, "activity": null}, "model": "dancematch_app.danceprefs", "pk": 11}, {"fields": {"goal": 2, "dance": 2, "notes": "", "skill_level": 2, "dancer": 3, "role": 1, "activity": null}, "model": "dancematch_app.danceprefs", "pk": 12}, {"fields": {"goal": 3, "dance": 4, "notes": "I'd like to do a sophisticated routine at PDF next year.", "skill_level": 5, "dancer": 4, "role": 2, "activity": null}, "model": "dancematch_app.danceprefs", "pk": 13}, {"fields": {"goal": null, "dance": 3, "notes": "yo dawg hey girl", "skill_level": 6, "dancer": 5, "role": 2, "activity": null}, "model": "dancematch_app.danceprefs", "pk": 14}, {"fields": {"goal": 2, "dance": 7, "notes": "General following practice.", "skill_level": 4, "dancer": 4, "role": 2, "activity": 3}, "model": "dancematch_app.danceprefs", "pk": 15}, {"fields": {"goal": 2, "dance": 6, "notes": "I'd like to practice some moves from Sarah's July class", "skill_level": 5, "dancer": 2, "role": 2, "activity": 3}, "model": "dancematch_app.danceprefs", "pk": 16}, {"fields": {"codename": "add_logentry", "name": "Can add log entry", "content_type": 1}, "model": "auth.permission", "pk": 1}, {"fields": {"codename": "change_logentry", "name": "Can change log entry", "content_type": 1}, "model": "auth.permission", "pk": 2}, {"fields": {"codename": "delete_logentry", "name": "Can delete log entry", "content_type": 1}, "model": "auth.permission", "pk": 3}, {"fields": {"codename": "add_permission", "name": "Can add permission", "content_type": 2}, "model": "auth.permission", "pk": 4}, {"fields": {"codename": "change_permission", "name": "Can change permission", "content_type": 2}, "model": "auth.permission", "pk": 5}, {"fields": {"codename": "delete_permission", "name": "Can delete permission", "content_type": 2}, "model": "auth.permission", "pk": 6}, {"fields": {"codename": "add_group", "name": "Can add group", "content_type": 3}, "model": "auth.permission", "pk": 7}, {"fields": {"codename": "change_group", "name": "Can change group", "content_type": 3}, "model": "auth.permission", "pk": 8}, {"fields": {"codename": "delete_group", "name": "Can delete group", "content_type": 3}, "model": "auth.permission", "pk": 9}, {"fields": {"codename": "add_user", "name": "Can add user", "content_type": 4}, "model": "auth.permission", "pk": 10}, {"fields": {"codename": "change_user", "name": "Can change user", "content_type": 4}, "model": "auth.permission", "pk": 11}, {"fields": {"codename": "delete_user", "name": "Can delete user", "content_type": 4}, "model": "auth.permission", "pk": 12}, {"fields": {"codename": "add_contenttype", "name": "Can add content type", "content_type": 5}, "model": "auth.permission", "pk": 13}, {"fields": {"codename": "change_contenttype", "name": "Can change content type", "content_type": 5}, "model": "auth.permission", "pk": 14}, {"fields": {"codename": "delete_contenttype", "name": "Can delete content type", "content_type": 5}, "model": "auth.permission", "pk": 15}, {"fields": {"codename": "add_session", "name": "Can add session", "content_type": 6}, "model": "auth.permission", "pk": 16}, {"fields": {"codename": "change_session", "name": "Can change session", "content_type": 6}, "model": "auth.permission", "pk": 17}, {"fields": {"codename": "delete_session", "name": "Can delete session", "content_type": 6}, "model": "auth.permission", "pk": 18}, {"fields": {"codename": "add_dancer", "name": "Can add dancer", "content_type": 7}, "model": "auth.permission", "pk": 19}, {"fields": {"codename": "change_dancer", "name": "Can change dancer", "content_type": 7}, "model": "auth.permission", "pk": 20}, {"fields": {"codename": "delete_dancer", "name": "Can delete dancer", "content_type": 7}, "model": "auth.permission", "pk": 21}, {"fields": {"codename": "add_dance", "name": "Can add dance", "content_type": 8}, "model": "auth.permission", "pk": 22}, {"fields": {"codename": "change_dance", "name": "Can change dance", "content_type": 8}, "model": "auth.permission", "pk": 23}, {"fields": {"codename": "delete_dance", "name": "Can delete dance", "content_type": 8}, "model": "auth.permission", "pk": 24}, {"fields": {"codename": "add_dancerole", "name": "Can add dance role", "content_type": 9}, "model": "auth.permission", "pk": 25}, {"fields": {"codename": "change_dancerole", "name": "Can change dance role", "content_type": 9}, "model": "auth.permission", "pk": 26}, {"fields": {"codename": "delete_dancerole", "name": "Can delete dance role", "content_type": 9}, "model": "auth.permission", "pk": 27}, {"fields": {"codename": "add_skilllevel", "name": "Can add skill level", "content_type": 10}, "model": "auth.permission", "pk": 28}, {"fields": {"codename": "change_skilllevel", "name": "Can change skill level", "content_type": 10}, "model": "auth.permission", "pk": 29}, {"fields": {"codename": "delete_skilllevel", "name": "Can delete skill level", "content_type": 10}, "model": "auth.permission", "pk": 30}, {"fields": {"codename": "add_activity", "name": "Can add activity", "content_type": 11}, "model": "auth.permission", "pk": 31}, {"fields": {"codename": "change_activity", "name": "Can change activity", "content_type": 11}, "model": "auth.permission", "pk": 32}, {"fields": {"codename": "delete_activity", "name": "Can delete activity", "content_type": 11}, "model": "auth.permission", "pk": 33}, {"fields": {"codename": "add_goals", "name": "Can add goals", "content_type": 12}, "model": "auth.permission", "pk": 34}, {"fields": {"codename": "change_goals", "name": "Can change goals", "content_type": 12}, "model": "auth.permission", "pk": 35}, {"fields": {"codename": "delete_goals", "name": "Can delete goals", "content_type": 12}, "model": "auth.permission", "pk": 36}, {"fields": {"codename": "add_day", "name": "Can add day", "content_type": 13}, "model": "auth.permission", "pk": 37}, {"fields": {"codename": "change_day", "name": "Can change day", "content_type": 13}, "model": "auth.permission", "pk": 38}, {"fields": {"codename": "delete_day", "name": "Can delete day", "content_type": 13}, "model": "auth.permission", "pk": 39}, {"fields": {"codename": "add_time", "name": "Can add time", "content_type": 14}, "model": "auth.permission", "pk": 40}, {"fields": {"codename": "change_time", "name": "Can change time", "content_type": 14}, "model": "auth.permission", "pk": 41}, {"fields": {"codename": "delete_time", "name": "Can delete time", "content_type": 14}, "model": "auth.permission", "pk": 42}, {"fields": {"codename": "add_location", "name": "Can add location", "content_type": 15}, "model": "auth.permission", "pk": 43}, {"fields": {"codename": "change_location", "name": "Can change location", "content_type": 15}, "model": "auth.permission", "pk": 44}, {"fields": {"codename": "delete_location", "name": "Can delete location", "content_type": 15}, "model": "auth.permission", "pk": 45}, {"fields": {"codename": "add_danceprefs", "name": "Can add dance prefs", "content_type": 16}, "model": "auth.permission", "pk": 46}, {"fields": {"codename": "change_danceprefs", "name": "Can change dance prefs", "content_type": 16}, "model": "auth.permission", "pk": 47}, {"fields": {"codename": "delete_danceprefs", "name": "Can delete dance prefs", "content_type": 16}, "model": "auth.permission", "pk": 48}, {"fields": {"username": "admin", "first_name": "", "last_name": "", "is_active": true, "is_superuser": true, "is_staff": true, "last_login": "2015-08-03T18:09:33.851Z", "groups": [], "user_permissions": [], "password": "pbkdf2_sha256$20000$kMBw9uyklNFM$RQLIdYEvwrwMbg7CX769ZdaFgK+K3nCrV7/OE7b0EV0=", "email": "admin@example.com", "date_joined": "2015-07-30T21:58:15.765Z"}, "model": "auth.user", "pk": 4}, {"fields": {"username": "red@red.com", "first_name": "Ruby", "last_name": "Red", "is_active": true, "is_superuser": false, "is_staff": false, "last_login": "2015-08-03T22:57:38.704Z", "groups": [], "user_permissions": [], "password": "pbkdf2_sha256$20000$SE19nREYDcSJ$0wafO454Rv7hRt1NuR84xK09G+QTPFEGEe4/3knkZCA=", "email": "red@red.com", "date_joined": "2015-07-30T21:59:16Z"}, "model": "auth.user", "pk": 5}, {"fields": {"username": "orange@orange.com", "first_name": "O.", "last_name": "Range", "is_active": true, "is_superuser": false, "is_staff": false, "last_login": "2015-08-03T22:50:53.251Z", "groups": [], "user_permissions": [], "password": "pbkdf2_sha256$20000$njNLEQH2q2qe$NIosREKpri+2X2A9NZs6VnpqYklpGpfU1wtdbkJsR3c=", "email": "orange@orange.com", "date_joined": "2015-07-31T17:01:56Z"}, "model": "auth.user", "pk": 6}, {"fields": {"username": "yellow@yellow.com", "first_name": "Elle", "last_name": "O.", "is_active": true, "is_superuser": false, "is_staff": false, "last_login": "2015-08-03T22:48:07.350Z", "groups": [], "user_permissions": [], "password": "pbkdf2_sha256$20000$4Dr8EpObOfIY$tD947DyM5+dHt3gb46BDdbnK011uByzsKpASodo3Bms=", "email": "yellow@yellow.com", "date_joined": "2015-08-01T07:56:08Z"}, "model": "auth.user", "pk": 7}, {"fields": {"username": "green@green.com", "first_name": "Mr.", "last_name": "Green", "is_active": true, "is_superuser": false, "is_staff": false, "last_login": "2015-08-02T04:29:01Z", "groups": [], "user_permissions": [], "password": "pbkdf2_sha256$20000$cFTcsl7YTVjB$WgJjvikvAXHJIZ0otoTh98gLeR9wEN/R/r+bpayUDOE=", "email": "green@green.com", "date_joined": "2015-08-02T04:28:52Z"}, "model": "auth.user", "pk": 8}, {"fields": {"bio": "roses are red\r\nviolets are blue", "user": 5}, "model": "dancematch_app.dancer", "pk": 2}, {"fields": {"bio": "I'm very healthy. ", "user": 6}, "model": "dancematch_app.dancer", "pk": 3}, {"fields": {"bio": "I'm a sunny person. ", "user": 7}, "model": "dancematch_app.dancer", "pk": 4}, {"fields": {"bio": "", "user": 8}, "model": "dancematch_app.dancer", "pk": 5}, {"fields": {"action_flag": 3, "action_time": "2015-07-30T23:41:20.988Z", "object_repr": "User ID: 5 's Nightclub Two-Step prefsLead", "object_id": "7", "change_message": "", "user": 4, "content_type": 16}, "model": "admin.logentry", "pk": 38}, {"fields": {"action_flag": 3, "action_time": "2015-07-30T23:41:20.991Z", "object_repr": "User ID: 5 's West Coast Swing prefsFollow", "object_id": "6", "change_message": "", "user": 4, "content_type": 16}, "model": "admin.logentry", "pk": 39}, {"fields": {"action_flag": 3, "action_time": "2015-07-30T23:41:20.992Z", "object_repr": "User ID: 5 's Chacha prefsLead", "object_id": "5", "change_message": "", "user": 4, "content_type": 16}, "model": "admin.logentry", "pk": 40}, {"fields": {"action_flag": 2, "action_time": "2015-08-03T17:22:59.532Z", "object_repr": "orange@orange.com", "object_id": "6", "change_message": "Changed first_name and last_name.", "user": 4, "content_type": 4}, "model": "admin.logentry", "pk": 41}, {"fields": {"action_flag": 2, "action_time": "2015-08-03T18:09:42.702Z", "object_repr": "red@red.com", "object_id": "5", "change_message": "Changed first_name and last_name.", "user": 4, "content_type": 4}, "model": "admin.logentry", "pk": 42}, {"fields": {"action_flag": 2, "action_time": "2015-08-03T18:10:42.448Z", "object_repr": "yellow@yellow.com", "object_id": "7", "change_message": "Changed first_name and last_name.", "user": 4, "content_type": 4}, "model": "admin.logentry", "pk": 43}, {"fields": {"action_flag": 2, "action_time": "2015-08-03T18:11:01.144Z", "object_repr": "green@green.com", "object_id": "8", "change_message": "Changed first_name and last_name.", "user": 4, "content_type": 4}, "model": "admin.logentry", "pk": 44}]